start	end	text
0	1820	Imagine you wake up in the pitch dark.
3200	5680	You know, you are in a completely unfamiliar house,
5900	7340	and you need to find your way out.
7580	8880	Oh, that sounds terrifying.
9020	11160	Right. It is. You can't see a single object.
11700	13560	You don't know if the walls are painted blue or white.
13740	17140	You don't know if the furniture is modern or antique.
17440	19600	You have absolutely no visual data.
19840	22280	Exactly. You have no idea what kind of floor you're standing on.
22360	22540	Right.
22640	24560	The visual world is just entirely gone.
24980	26320	So how do you map the room?
26520	28320	Like, how do you actually survive that environment?
28320	31000	Well, you do it by finding out where you can't go.
31140	35100	Yeah. You walk forward with your hands out until your palms hit a solid wall.
35460	40580	You slide along that wall until your hand slips forward into, you know, the open space of a doorway.
40820	41040	Right.
41340	45180	You map the reality of that room, not by looking at the things inside it,
45220	49440	but purely by navigating the invisible architecture of what is possible and what is blocked.
49640	51600	It's a very primal scenario, honestly.
52140	56620	You are relying on a completely negative space definition of reality.
56620	57980	Right. Negative space.
58320	64360	Yeah. The obstacles and the openings, the solid wood of a locked door versus the empty air of a hallway.
64880	67360	That defines your entire existence in that moment.
67740	71360	You, the person in the dark, are defined entirely by your constraints.
71360	79520	And it turns out, that terrifying walk in the dark might just be the most accurate model for how the entire universe works.
79720	80600	It really might be.
80680	87700	If you've ever felt like your life or your thoughts or the universe itself is just a series of navigating invisible walls and open doors,
88120	94140	well, this deep dive is going to give you the philosophical and mathematical framework that proves you are exactly right.
94140	99520	We have an incredibly fascinating, undeniably dense stack of material today.
99600	100080	Oh, man.
100300	101160	Dense is the word.
101260	102000	It really is.
102300	111680	We're looking at a brilliant essay from June 2026, published in FLYXION, titled Beyond Process, Constraint, Accessibility, and the Geometry of Becoming.
111780	112380	Quite a mouthful.
112380	117020	Very much so. And I have to be honest with you right up front, the source material does not pull any punches.
117220	117660	Not at all.
117980	125340	We are talking about a massive 14-part exploration that casually bridges the gap between ancient Greek philosophy,
126060	131720	the second law of Burma dynamics, linguistics, and even the architecture of artificial cognitive brains.
131920	133500	It is a giant stack of ideas.
133700	133800	Yeah.
133940	137320	I mean, I was reading through my notes last night and just shaking my head at how ambitious this whole thing is.
137320	139040	Oh, I was doing the exact same thing.
139460	141460	But the mission for us today is actually quite simple.
141460	143420	Even if the implications are wild.
144120	149640	We are going to use this essay to radically rethink the fundamental nature of reality.
149960	151920	Just a small, casual goal for today.
152000	153020	Right. Just a minor topic.
153200	159220	We are going to ask the biggest core question you can possibly ask, which is, what is the universe actually made of?
159280	164360	Is it made of things like, you know, rocks, atoms, people, planets, cars?
164620	165660	Or is it made of events?
166040	169660	Like flowing processes, verbs, actions in motion.
169660	178940	Because this essay comes in and argues that both of those answers, the two distinct answers that humanity has relied on for thousands of years, are completely fundamentally wrong.
179160	184020	To understand why the author claims they are wrong, we have to start at the absolute bottom layer of reality.
184580	184940	Bedrock.
185100	185420	Bedrock.
185420	189300	Bedrock.
189760	189900	Bedrock.
189920	190420	Bedrock.
190420	190560	Bedrock.
190560	190920	Bedrock.
190920	191200	Bedrock.
191200	192060	Bedrock.
192060	192340	Bedrock.
193020	193700	Bitrock.
193700	194200	Bedrock.
194200	195200	Bedrock.
195200	196260	Dudrock.
196260	196540	Bedrock.
196540	197200	Bedrock.
197200	197260	Bedrock.
197260	198120	Bedrock.
198120	198200	Bedrock.
198200	199260	Bedrock.
199260	200060	Bedrock.
200060	200980	De réagi.
200980	201120	Bedrock.
201120	202120	Bedrock.
202120	202160	Bedrock.
202160	203120	Bedrock.
203120	203660	Bedrock.
203660	204120	Bedrock.
204120	204180	Bedrock.
204180	205120	Bedrock.
205120	206120	Bedrock.
206120	207120	Bedrock.
207120	208120	Bedrock.
208120	209320	Bedrock.
209320	210120	Bedrock.
210120	211120	Drock.
211120	212120	Bedrock.
212120	213120	Bedrock.
213120	214120	Bedrock.
214120	214320	Bedrock.
214320	219720	Just stuff, yeah. In his view, change and motion are actually illusions, just like tricks the senses.
220160	222680	The universe is essentially just a collection of solid stuff.
222860	225640	And on the complete opposite end of the spectrum, you have Heraclitus.
225960	228340	He is the original becoming philosopher.
228600	229200	The river guy.
229260	229820	The river guy.
229940	230100	Yeah.
230140	235200	He argued for process ontology. This gives us the famous idea that you can never step in the same river twice.
235320	236800	Because the water is always moving.
237100	242380	Exactly. For Heraclitus, the fundamental stuff of reality isn't solid stuff at all.
242380	245860	It's fire. It's flux. It's constant transformation.
246380	248320	And that idea didn't just stay with the Greeks, right?
248320	249040	No, not at all.
249320	258000	Fast forward to the 20th century, and you have thinkers like Alfred North Whitehead building an entire systematic metaphysics out of this concept.
258340	261580	Whitehead basically said the universe isn't made of enduring substances, right?
261700	265980	Right. He said it's made of momentary events, which he called occasions of experience.
265980	272820	So the things we think of as solid objects, like a rock or a table, are actually just temporary patterns.
273040	274520	Like a whirlpool in a river or something.
274660	279640	Exactly like that. They persist by repeating themselves over and over in the constant flow of time.
279840	281680	So it's nouns versus verbs.
281860	282040	Yep.
282040	292160	The universe as a giant box of static Lego bricks versus the universe as a constantly flowing waterfall where the water just, you know, temporarily looks like a brick.
292440	294540	It's a debate that has raged for millennia.
294540	300860	But the author of our source essay steps back and points out a massive blind spot that both sides actually share.
301140	301780	A blind spot.
302100	309560	Yeah, because whether you think reality is made of solid things or flowing events, you are still inherently asking what there is.
309680	311260	Oh, I see. You're looking for a noun.
311260	314760	Right. You are looking for a definitive entity to point to.
315240	322260	But the essay proposes a radical third way, which it calls accessibility ontology or a constraint first ontology.
323020	325880	Okay. This is where we get back to waking up in that pitch dark room.
325920	326180	Yeah.
326240	331160	Because this theory says the fundamental stratum of reality is neither a thing nor an event.
331300	331620	No.
331980	333000	It is a geometry.
333000	341540	It is the invisible structure of constraints that dictates which configurations are accessible from whatever state you are currently in.
342220	345860	The math in the paper represents this as a sort of master map of possibilities.
346200	346320	Okay.
346400	354780	It's a function that looks at exactly how things are right now and defines the exact set of other configurations that are immediately accessible in the next instant.
355120	358000	It's the literal map of what is allowed to happen next.
358000	359820	Okay. I have to stop you there and push back a little.
359860	360360	Sure. Go ahead.
360640	362620	Because that sounds incredibly abstract.
363340	371560	If reality is just this invisible web of constraints, like a map of what can happen, where do the objects and the events actually come from?
371740	373480	That's a million-dollar question.
373480	375480	Because I am holding a coffee mug right now.
375920	377380	It feels pretty solid to me.
377520	378360	It has weight.
378580	379220	It's a noun.
379680	382620	It doesn't feel like an accessible configuration, you know?
382720	382980	Right.
383080	385860	And that is the genius of how this ontology handles depth.
386220	390660	The framework argues that objects and processes are emergent properties of the constraints.
390820	392020	They bubble up from it.
392120	393140	Bubble up from the constraints.
393240	393400	Yeah.
393780	399340	An object like your coffee mug is defined in this theory simply as a highly constrained basin.
399780	400780	It's an attractor.
400880	401580	An attractor.
401800	402500	Like a magnet.
402500	403340	More like a valley.
403980	410060	Imagine a region in the landscape of possibilities where the options loop back on themselves so tightly that a pattern just gets trapped.
410580	411400	It persists.
411520	412520	Okay. I think I'm falling.
413020	417480	Your coffee mug is just a localized loop of highly probable states holding a shape.
417860	421200	Basically because the constraints won't allow the atoms to easily go anywhere else.
421620	422420	And a process.
422760	425880	A process is just the trajectory taken through the field.
426220	429520	It's the sequence of moving from one accessible state to the next.
429520	434240	You know, I was trying to wrap my head around this last night, and I want to try an analogy on you to see if this tracks.
434360	434860	Let's hear it.
434920	437440	Let's say reality is a video game.
437540	438380	Okay. A video game.
438380	449760	If you believe in substance ontology, the Greek idea of being, you think the most fundamental part of the game is the 3D character model, like the armor, the weapons, the textures painted on the hero.
449900	450660	Visual stuff.
450660	459640	Right. And if you believe in process ontology, the becoming side, you think the most fundamental part is the running, the jumping, the animations, the frame rate.
459660	460220	The action.
460480	461100	Yeah, the action.
461160	461360	Right.
461720	464600	But accessibility ontology says you're both wrong.
465240	469960	The most fundamental reality of the video game is the collision mesh.
470500	472300	The collision mesh? Let's explore that.
472300	476880	Yeah. It's the invisible geometry that the developers build underneath the world that you never actually see.
477160	480940	It's the invisible walls, the solid floors, the hitboxes around enemies.
481100	483060	The rules of the physical space.
483600	483980	Exactly.
484800	490180	The collision mesh dictates where the character model can stand and where the running animation can go.
490860	496440	You don't see the constraints, but they completely govern every object and every event in the game.
496560	497560	That is spot on.
497560	505260	In fact, gamers only ever notice the collision mesh when it breaks, like when their character clips through a wall and falls into endless gray space.
505360	512240	That is a phenomenal way to visualize it, and it aligns beautifully with a concept in the philosophy of science called structural realism.
512460	513300	Structural realism.
513400	518180	Yeah. Structural realism argues that we don't actually need underlying stuff to build a universe.
518360	519360	We don't need stuff.
519460	522940	No, the pure relational geometry of possibility is enough.
523100	523540	Wow.
523540	532440	Think about your video game analogy. The invisible collision mesh determines every path a character can take, and it determines every corner where a character might get stuck.
532580	532860	Right.
533180	542960	But no single path you run and no single corner you stand in can fully map the entire massive invisible field of what was possible in the game.
543320	546140	The constraint field is deeper. It comes first.
546140	555660	Okay, so if the universe is fundamentally this invisible collision mesh of constraints, what happens when human beings try to interact with it?
555780	557320	That is where it gets really tricky.
557460	567860	Because, I mean, when we try to observe it or map it or even just remember what happened yesterday, my brain is definitely not tracking the entire invisible geometry of the universe.
567860	573120	No, it isn't, and it can't. And that brings us to the mathematical brick wall that the essay explores.
573280	574060	The brick wall.
574080	580980	A huge one. Whenever we interact with this infinitely rich foundational constraint field, we are forced to compress it.
581340	584560	The essay refers to this process as projection.
584800	587920	Projection, right. The classic map versus territory problem.
588020	588400	Exactly.
588600	596780	If the universe is this massive, unimaginably rich space of trajectories, our brains and our sciences have to shrink it down just to be able to hold it in our heads.
596780	601140	The source material maps this out very rigorously. It basically sets up two realms.
601500	606440	First, you have the completely rich, uncompressed reality of all the trajectories and all the constraints.
606640	607300	Real territory.
607480	608840	The real territory, yes.
609440	612220	Then you have the coarser observable space.
612960	618560	This is the map we make of the territory. This is what we can actually see, measure, and talk about.
618560	630720	And the essay proves that if your rich reality is vastly larger than your observable map, which it obviously is, because the universe is infinitely more complex than a human thought.
630820	631260	Obviously.
631740	638960	Then information must be lost. Like, it's a mathematical certainty. You cannot compress reality without dropping data on the floor.
638960	645340	Right. And the specific data that gets dropped, the stuff we lose, is what the author calls the fiber, or the fiber coordinate.
645580	646800	The fiber. Okay, what is that?
646820	654260	Let's walk through a thought experiment. Let's say you have two completely different, incredibly complex historical paths in the rich reality.
654440	654780	Okay.
654780	660360	But when they are compressed into our observable world, they both end up producing the exact same final result.
660480	661860	So they look identical on our map.
662060	671120	Exactly. Because they map to the exact same outcome, those two different histories become completely indistinguishable to anyone who only has access to the map.
671440	676760	The fiber is the set of all those hidden alternate paths that look identical on the surface.
677060	682380	I love that word fiber. It makes me think of like a bundle of wires behind a TV.
682720	683860	That's a good way to look at it.
683860	686540	I think of this like taking a photograph of my coffee mug.
686900	690460	The actual 3D coffee mug in my hand is the rich space.
691240	695820	The flat 2D photograph printed on a piece of paper is the observable space.
695880	696760	Right. It's compressed.
697020	702480	When you project a 3D mug onto a flat 2D photo, you inherently lose the depth.
702860	705340	That missing dimension of depth is the fiber coordinate.
705460	706780	Exactly. You lost the data.
706780	714160	And because you lost it, a photo of a real coffee mug and a photo of a cardboard cutout of a coffee mug might look exactly the same.
714840	720040	Multiple rich, complex realities map to the identical observable outcome.
720180	722380	That is a perfect, tangible visual.
722380	727340	Now, if we take your photograph analogy and apply it to physics, things get incredibly wild.
727520	728140	Oh boy. Physics.
728320	729380	Don't worry. We'll keep it grounded.
729840	738320	The essay takes this concept of lost fiber coordinates and uses it to completely redefine thermodynamics, specifically the second law of thermodynamics.
738320	741520	Okay. High school physics class flashback.
741920	749200	The second law of thermodynamics is the one that says entropy or disorder always increases over time in a closed system, right?
749340	750480	Yes. That's the one.
750540	757800	The classic example my teacher gave was that a shattered glass doesn't magically reassemble itself and a messy teenage bedroom doesn't clean itself.
758060	759140	Classic examples.
759600	763420	We are taught that entropy is just a brute, unavoidable fact of physics.
764080	766600	The universe inherently prefers disorder.
766600	770760	And the author of our source essay says that interpretation is fundamentally backwards.
771120	772240	Backwards? Wait, really?
772320	777600	Yes. The essay argues that standard thermodynamic entropy, which was formalized by Ludwig Boltzmann,
778080	783820	is actually just a special, narrow case of a much broader mathematical concept called projection entropy.
784060	785980	Okay. I'm going to need you to hold my hand here.
786080	788700	What is projection entropy in plain English?
789300	793540	It means that the second law of thermodynamics isn't about physical disorder at all.
793620	794100	It's not.
794100	798340	No. It is a structural necessity of how we project reality.
798820	800500	Remember the lost fiber coordinates?
800740	802040	The missing depth from the photograph.
802400	805680	Exactly. If a system doesn't track those lost dimensions,
806040	810300	if it operates entirely on the flattened 2D photograph instead of the 3D reality,
810700	812260	it can't reverse the process.
812400	812800	Oh, I see.
812860	813560	It forgets.
813920	816440	Entropy increases not because the universe loves chaos,
816820	821580	but simply because you no longer have the geometric information required to go backward.
821580	823100	You've lost the instructions.
823360	830580	Wait, wait, wait. Are you saying that forgetting is quite literally just the expansion of these untrackable fibers?
830860	831120	Yes.
831300	835700	And remembering is simply the preservation of constraints so you don't lose the coordinates?
835860	836380	Precisely.
836780	838280	Forgetting is fiber expansion.
838780	841800	Remembering is the active preservation of discriminating constraints.
841800	843180	That is mind-blowing.
843260	847460	If you maintain the constraints, you don't lose the depth, and entropy doesn't increase for you.
847920	851940	The essay provides a brilliant non-physics example of this to really ground it.
852040	853620	It calls it semantic entropy.
853800	856820	Semantic entropy, like the entropy of meaning in a conversation.
857180	857640	Exactly.
858200	860540	Think about having a conversation with a close friend.
860540	868080	The rich, uncompressed space is the entire history of everything you and your friend have ever said to each other.
868180	870280	Every shared experience, every inside joke.
870380	871800	A huge amount of data.
872040	878120	And the observable space is the semantic meaning of the one single sentence you are speaking right now.
878600	879720	Just the words in the air.
879860	880180	Right.
880700	888060	High semantic entropy means there are thousands of different past conversations that could have logically led to this exact same sentence.
888160	889720	Oh, I have the perfect example for this.
889720	889980	Yeah.
890200	892680	The four most terrifying words in the English language.
892760	893300	What's that?
893440	894300	We need to talk.
894580	895560	Oh, wow.
896100	899100	Yes, a masterpiece of semantic entropy.
899400	899660	Right.
899760	903180	If someone walks up to you and says, we need to talk, the entropy is massive.
903280	905000	The fiber of possibilities is huge.
905060	906400	You have no idea what it means.
906460	906820	Exactly.
906980	907120	Yeah.
907220	907900	Are you getting fired?
908380	909460	Are you being broken up with?
909920	911480	Do they just find out a secret about you?
911480	913880	Do they just watch a weird documentary and want to discuss it?
914240	919480	Many completely different rich histories project down into that exact same observable sentence.
919720	923720	You have lost the coordinates to know which history you are currently in.
924300	930640	But if they walked up and said, we need to talk about the documentary we watched last night, the semantic entropy drops.
931100	931620	Significantly.
931780	932860	The constraints are tighter.
932860	939140	The path that produced the statement is obvious and recoverable just from the meaning alone.
939300	939560	Yes.
939900	946900	And the essay also extends this to something called institutional entropy, which is an incredible way to look at human civilization.
947320	948020	How does that work?
948020	958800	The idea is that as a society ages, its institutions like a legal system or a government agency or a tax code, they become reachable from many different historical pasts.
958800	959040	Okay.
959040	966400	The institution effectively loses the memory of why it was created in the first place because the fiber of possible histories has grown too large.
966520	967020	Oh, man.
967100	974180	So the tax code becomes this giant bloated monster and nobody remembers what the original constraint was trying to solve.
974380	976820	But we all just have to live inside the bureaucracy anyway.
977020	978260	It's irreversible projection.
978260	987120	We constantly compress complex realities into simpler observable spaces to the point where we trap ourselves in our own incomplete maps.
987420	987860	Exactly.
988200	995180	And speaking of how humans compress reality, that brings us right to the door of language because we project things all the time.
995280	998100	But the most common everyday way we do it is by talking.
998600	1000740	Language is the ultimate projection engine.
1000960	1001840	It really is.
1002040	1004940	This was one of the most mind bending parts of the essay for me.
1004940	1010000	The author introduces a concept for language and calculation called sphere pop.
1010320	1011040	Sphere pop.
1011180	1015740	Which sounds like a candy, but it is actually a geometric way to look at how we think.
1016200	1019280	Sphere pop is what they call a containment-based calculus.
1019940	1023940	It is a model for how human beings evaluate expressions and ideas.
1024240	1024480	Okay.
1024600	1032900	But instead of doing it like a computer reading a string of text from left to right, sphere pop represents expressions geometrically as nested regions.
1033120	1033900	Nested regions.
1033900	1036060	Imagine a set of Russian nesting dolls.
1036500	1039720	The rule for evaluating these regions is called geometric collapse.
1039960	1040860	Geometric collapse.
1041000	1041420	Meaning what?
1041620	1050800	It means the innermost region, the smallest doll buried in the center, always has to resolve and open up first before the outer dolls can be dealt with.
1050840	1051060	Okay.
1051140	1052760	Here's where it gets absolutely fascinating.
1052760	1064580	The essay argues that all the grammar and syntax we use, the parentheses in a math equation, the keywords in computer code, the indentations on a page, even commas and periods in a sentence.
1064580	1065100	Right.
1065100	1067140	They aren't fundamental laws of nature.
1067600	1074160	They are all just the residue of projecting 3D containment structures onto a 1D string of text.
1074340	1076680	Think about the map territory theorem we just discussed.
1077120	1080980	A thought in your brain is a rich, multidimensional containment structure.
1080980	1082340	It's a 3D object.
1082580	1082860	Yeah.
1083040	1087440	It has depth, emotion, imagery, and logic all wrapped up in a nested geometry.
1088120	1093000	But your physical vocal cords can only speak one word at a time in a straight, linear line.
1093000	1095960	You're forcing a 3D geometry through a 1D pipe.
1096260	1098680	That is such a profound way to look at it.
1099320	1101200	It's incredibly frustrating when you think about it.
1101460	1111500	You have this beautiful 3D crystal of a thought in your head, and you have to shatter it, feed it through a straw one piece at a time, and just hope the person listening can glue it back together.
1111620	1112860	And that glue is syntax.
1113040	1113940	The glue is syntax.
1113940	1116800	The punctuation, the grammar, the verb conjugations.
1116940	1123700	They are just the extra notation, the breadcrumbs that you have to add to help the listener rebuild the 3D structure in their own head.
1124060	1130460	So you are literally giving them hints to help them find the lost fiber coordinates so they don't get the wrong meaning.
1131000	1131340	Yes.
1131700	1135540	So syntax isn't this fundamental mystical rule of human logic.
1135800	1137220	It's just a coping mechanism.
1137640	1143540	It's a biological hack for the physical limitation of experiencing linear time with human vocal cords.
1143540	1144020	Yes.
1144300	1144960	It's a workaround.
1145200	1148400	And the essay goes even deeper down the evolutionary tree here.
1148460	1149000	How much deeper?
1149320	1157440	Well, it suggests that the primary foundational substrate of human symbolic computation isn't symbols or spoken words at all.
1157840	1159160	It's physical gesture.
1159260	1159820	Jan movements.
1160220	1163180	Gestural trajectories in physical three-dimensional space.
1163420	1163560	Yeah.
1164560	1171860	A spoken word or a written symbol is just a highly compressed, lossy projection of a physical gesture.
1171860	1178560	Meaning that when we try to understand a word, we aren't doing a dictionary lookup in our brains like a search engine.
1178720	1178960	No.
1179160	1181940	We are doing what the essay calls fiber navigation.
1182180	1183480	Fiber navigation again.
1183680	1183900	Right.
1184280	1185800	Because a symbol is a projection.
1186380	1191060	It has a massive fiber of possible meanings, just like our we need to talk example.
1191060	1203100	Okay, so to figure out what a word actually means in real time, you have to use the surrounding contextual constraints to navigate back to the specific, complex, gestural trajectory the speaker intended.
1203280	1203720	Exactly.
1204040	1207540	The meaning of a word is completely underdetermined by the linguistic form alone.
1207760	1208780	You need the context.
1209140	1212440	You know, this explains literally everything about modern digital communication.
1212440	1220220	It explains why reading a text message without hearing the tone of voice or seeing the facial expressions causes so many massive arguments.
1220480	1221040	Oh, absolutely.
1221480	1224560	Without those critical missing fiber coordinates, it's a disaster.
1224920	1225620	Think about it.
1225960	1227660	You text someone, did you like the movie?
1228180	1230480	And they reply with one word, fine.
1230580	1231300	Just fine.
1231360	1231920	Just fine.
1231920	1234600	The observable space is just that one word.
1235140	1247660	But the rich space, the fiber of what that word could possibly mean, ranges all the way from, I agree completely it was a fine piece of cinema, to, I am actively planning your demise for making you watch that garbage.
1248060	1257240	And without the context, without the surrounding invisible constraint field of their mood, their history, their tone, you have absolutely no way to select the correct trajectory.
1257580	1259400	You are entirely lost in the fiber.
1259660	1260840	You are forced to guess.
1260840	1262740	Yes, you're just guessing at that point.
1262940	1265440	Okay, this raises a huge philosophical problem for me.
1265540	1265980	What's that?
1266340	1278220	If words and language are just these lossy, compressed projections that require a ton of external context just to navigate properly, how do we ever logically deduce anything to be definitively true?
1278540	1279660	That's a very good question.
1279820	1290000	Like, how do humans build science or mathematics or philosophy if the very tool we use to communicate is constantly collapsing beautiful 3D geometry into lossy 1D strings?
1290000	1293280	That is the exact problem the author tackles next.
1293880	1300280	The essay outlines a completely new framework for understanding how constraints govern human inference and logic.
1300520	1300680	Okay.
1301100	1303380	They call the framework CLIO.
1304380	1304860	CLIO.
1304860	1308760	The constrained landscape of inferential openings.
1308960	1310300	It sounds like a sci-fi novel.
1310500	1314040	It does, but it is a radical shift in how we understand logic.
1314540	1320440	Usually we think of a document or a database or scientific theory as a collection of established facts.
1320600	1322880	A list of statements detailing what is true.
1323020	1323240	Right.
1323240	1326900	But CLIO defines logic through an admissibility space.
1327320	1333320	It argues that a given state of knowledge doesn't just dictate what is true, it dictates what queries are meaningfully constrained by it.
1333420	1333620	Wait.
1333720	1336240	It defines what questions you're even allowed to ask.
1336340	1337020	Yes, exactly.
1337060	1339480	I'm going to be pushed back on this because I want to make sure I really understand it.
1340140	1342400	Usually I think of logic exactly as a database.
1342740	1343680	I query the database.
1344180	1345000	Is the sky blue?
1345380	1347600	The database searches its facts and says yes.
1347820	1348120	Sure.
1348180	1348960	That's the standard view.
1348960	1354580	Are you saying that under the CLIO framework, logic isn't a database of answers?
1354940	1357180	It's actually just a map of permitted questions.
1357640	1358500	Exactly that.
1358740	1362060	Let's look at the concept of semantic coherence within CLIO.
1362800	1368920	The essay states that a logical system is coherent not just if its facts happen to align without contradiction,
1369380	1374200	but if its admissible queries are closed under entailment and projection consistency.
1374760	1376820	Okay, that was a lot of very dense terminology.
1377060	1378340	Can we ground that in an example?
1378340	1385440	Let's imagine you are reading a highly technical, incredibly detailed manual on car engine repair.
1385540	1386480	Okay, a car manual.
1386660	1386960	Got it.
1387020	1391560	If you turn to the manual and ask, how do I replace the spark plugs on a V8 engine?
1391740	1392020	Uh-huh.
1392260	1393780	That is an admissible query.
1393900	1394820	Because it's a car question.
1394880	1395140	Right.
1395520	1398640	The constraints built into the document support answering it.
1399060	1401900	The manual has the internal geometry to guide you to an answer.
1402020	1402220	Okay.
1402220	1406000	But if you walk up to the car manual and ask, what is the true meaning of love?
1406400	1406960	Oh, I see.
1406960	1408820	The manual isn't going to give you a false answer.
1409000	1410700	It's not going to say love is a carburetor.
1411180	1416440	The question itself is completely inadmissible within that specific constraint landscape.
1416700	1416800	Right.
1417060	1421520	The manual simply doesn't have the collision mesh to handle the meaning of love trajectory.
1421760	1425080	If you ask it that question, you just clip through the wall and fall into the void.
1425240	1425600	Exactly.
1425600	1431060	Semantic coherence means that answering one valid question shouldn't generate a reality
1431060	1435180	where a previously valid question suddenly breaks the entire system.
1435420	1436180	That makes a lot of sense.
1436460	1440840	CLIO shifts our entire focus from what is true to what can be meaningfully asked.
1441560	1447040	Logic becomes the active process of navigating the openings in the constraint landscape rather
1447040	1450000	than just tallying up a rigid list of true statements.
1450000	1452400	That completely flips epistemology on its head.
1452520	1453300	It really does.
1453500	1458680	So to summarize where we are for you listening, we've seen how this constraint first idea dictates
1458680	1460200	basic reality and objects.
1460460	1460680	Right.
1460860	1463640	We've seen how it dictates memory and forgetting through entropy.
1463980	1467740	We've seen how it dictates language and how it dictates logic and truth.
1467860	1469240	It's extremely comprehensive.
1469740	1472380	It works for a single thought and a single sentence.
1472380	1474600	But what happens when you scale it up?
1475040	1479960	How does this invisible geometry organize massive groups of independent moving agents?
1480420	1483900	To answer that, the essay explores the universal law of stigmergy.
1484180	1484820	Stigmergy.
1484960	1485240	Yes.
1485840	1491000	Stigmergy is a concept originally observed in biology, specifically by scientists studying
1491000	1491900	social insects.
1492340	1497120	It's defined as decentralized coordination through environmental traces.
1497500	1499380	Meaning they don't talk to each other.
1499480	1499760	Right.
1499760	1505460	If an ant finds a crumb of sugar by my refrigerator, it doesn't walk all the way back to the colony,
1505920	1509960	tap another ant on the shoulder, and say, hey, bub, the sugar's over there by the fridge.
1510300	1511320	Take a left at the toaster.
1511720	1513480	They don't communicate state to state.
1513700	1513940	Right.
1514000	1515520	They don't exchange direct messages.
1515760	1517620	Instead, they modify the shared medium.
1518380	1523100	An ant finds food, and as it walks back to the nest, it leaves a chemical trace of pheromones
1523100	1523600	on the ground.
1523820	1524120	Okay.
1524240	1525420	The next ant comes along.
1525500	1526860	It doesn't talk to the first ant.
1526920	1528500	It might never even see the first ant.
1528500	1529520	It just follows the smell.
1529520	1533380	It simply experiences the environment, and it finds that the environment has been changed.
1533940	1539440	The invisible constraint field has been altered by the pheromone trace, making the path to
1539440	1544720	the food more accessible, more geometrically probable than just wandering aimlessly.
1544720	1550000	The essay breaks this down into a really elegant four-step unification principle.
1551080	1553900	Local traces lead to modified constraints.
1554140	1554420	Yes.
1554640	1560780	Which lead to altered accessibility, which ultimately creates a coherent, complex structure, like
1560780	1564060	an incredibly efficient highway of millions of ants.
1564060	1569480	What's truly extraordinary about this paper, though, is how it takes this stigmurgic biology
1569480	1572900	and applies it to vastly different scales of existence.
1573240	1576080	Oh, this is the part of my notes where I just drew a giant exclamation point.
1576120	1576220	Why?
1576220	1577720	Because it is mind-blowing.
1577920	1583840	It maps the exact same math governing biological ant pheromones onto quantum physics and digital
1583840	1584840	computer science.
1585060	1586220	Let's talk about the Ising models.
1586540	1586940	Magnets.
1587040	1587340	Right.
1587340	1590900	In an Ising model in physics, you have a lattice of atomic spins.
1591260	1592460	They can point up or down.
1592600	1592820	Okay.
1592920	1593400	Up or down.
1593520	1597340	Now, these atoms don't have a central brain telling them to align and become a unified
1597340	1601680	magnet, but each spin state modifies the local magnetic field around it.
1601700	1602180	The environment?
1602520	1604460	The magnetic field is the environment.
1605200	1610640	By flipping its spin, an atom leaves a subtle trace in the magnetic field, which alters the
1610640	1614960	constraints on its neighboring atoms, making it slightly more admissible for them to align
1614960	1616340	in the exact same direction.
1616340	1617380	It's the ants.
1617640	1619000	It's exactly the ants.
1619100	1623200	The quantum atoms are acting exactly like biological ants leaving pheromones.
1623800	1624600	That is so cool.
1625220	1627060	Mathematically, there is no difference.
1627660	1633120	The Ising synchronization fits the stigmurgic framework perfectly, and the essay goes further,
1633400	1635140	applying it to cellular automata, too.
1635820	1637300	Think of Conway's Game of Life.
1637500	1639160	Oh, I love Conway's Game of Life.
1639240	1640320	It's a great example.
1640440	1644840	For you listening, it's that famous computer grid simulation where little squares turn black
1644840	1648940	or white based on a few very simple rules about how many neighbors they have.
1648980	1649200	Right.
1649200	1655200	You start it up, and suddenly you get these incredibly complex moving patterns called gliders that
1655200	1658440	seem to act like living creatures flying across the screen.
1658440	1659660	Yes, the gliders.
1660040	1662280	The essay points out a profound truth about them.
1662740	1665420	A glider isn't an object moving across a screen.
1665900	1668100	There is no code moving from pixel to pixel.
1668300	1668780	There isn't.
1668940	1669260	No.
1669900	1672820	A glider is a stigmurgic attractor.
1672940	1674460	An attractor, like we talked about earlier.
1674640	1674900	Right.
1674900	1681380	It's a cascading pattern of traces that constantly recreates the exact constraint field needed for
1681380	1683800	its own persistence in the very next step.
1684120	1689300	It alters the grid so that the grid has no geometric choice but to rebuild the glider one
1689300	1690060	step forward.
1690220	1695560	Traces modify constraints, which alter accessibility, which maintains the coherent structure.
1695660	1696220	Exactly.
1696220	1701640	So biological ants on a kitchen floor, quantum magnetic alignment in a piece of iron, and
1701640	1707100	digital cellular automata in a simulation are all using the exact same four-step math.
1707180	1708180	It scales beautifully.
1708420	1713520	Everything is just agents modifying the collision mesh of reality for the agents coming up right
1713520	1713980	behind them.
1714120	1719080	From the microscopic to the macroscopic, which naturally raises an incredibly ambitious question.
1719580	1725300	If StigmaG can scale up from atoms to ant colonies to human institutions, exactly how
1725300	1727880	far up does this constraint-first theory go?
1727960	1731140	Well, according to the source material, it goes all the way to the literal edges of the
1731140	1731480	universe.
1731640	1732060	It does.
1732200	1737960	But before we dive into this next part, I need to put a giant, flashing, neon disclaimer on
1737960	1738540	the broadcast.
1738760	1739780	Very necessary here.
1739780	1745780	We are about to discuss a concept called the RSVP framework, the relativistic scalar
1745780	1746920	vector plenum.
1747040	1752100	This part of the essay touches on deep cosmology, astrophysics, and Albert Einstein's theories
1752100	1752880	of relativity.
1752980	1753800	Heavy stuff.
1753940	1754440	Very heavy.
1754440	1760300	And the author of the essay notes explicitly that this is not empirically established physics.
1760520	1762440	It has not been proven in a telescope.
1762680	1762700	Right.
1762760	1763180	It's theoretical.
1763880	1768500	We are impartially reporting the mathematical framework presented in the paper as a theoretical
1768500	1769000	exercise.
1769480	1774520	We are not endorsing it as breaking news in physics, nor are we claiming Einstein was wrong.
1775000	1779500	We are simply exploring a thought experiment about how the essay's math might scale to the
1779500	1780700	largest possible canvas.
1780700	1782920	I am very glad you added that disclaimer.
1783040	1784080	It's vital context.
1784080	1788800	Because the claim made in the RSVP framework is quite radical, and it's important to approach
1788800	1792220	it as a structural demonstration rather than establish cosmology.
1792220	1795060	Okay, with that out of the way, what does RSVP actually say?
1795060	1801600	The RSVP attempts to derive the cosmological metric, the literal shape of space-time itself, from
1801600	1807120	an accessibility field, rather than starting with the standard equations of general relativity.
1807120	1812440	So if I think about standard gravity, the way it's taught on television documentaries, it's usually
1812440	1814200	visualized as a rubber trampoline.
1814900	1819620	Space-time is the rubber, and a heavy star is like a bowling ball sitting on it, curving
1819620	1822220	the rubber down so smaller marbles roll towards it.
1822660	1823620	That's standard gravity.
1823780	1824980	That's the classic visual, yeah.
1825160	1829380	If we throw out the trampoline, what is RSVP proposing instead?
1829880	1832440	RSVP proposes a completely different visual.
1832440	1838400	It introduces a scalar accessibility potential, which basically measures the local density
1838400	1839680	of admissible transitions.
1839960	1843360	Admissible transitions, like how many options you have in a given region of space.
1843440	1843840	Exactly.
1844220	1848760	And it pairs that with a vector field encoding the preferred direction of that flow.
1849080	1853880	But the really radical implication, the part that challenges standard cosmology, comes
1853880	1855100	when they look at the Hubble redshift.
1855200	1855400	Right.
1855580	1858020	The redshift is how we know the universe is expanding.
1858020	1863040	When we look at light from distant ancient galaxies, the light waves look stretched out.
1864020	1866160	They're shifted to the red end of the light spectrum.
1867140	1871660	Standard cosmology says that happens because the literal physical space between us and the
1871660	1875800	galaxy is expanding like a balloon, stretching the light wave along with it.
1875880	1879220	That is the standard accepted cosmological model.
1879760	1885020	But the RSVP framework proposes an alternative structural explanation using constraints.
1885920	1887220	Using the invisible walls.
1887220	1887640	Right.
1888140	1891980	It suggests that the redshift might not be caused by spatial expansion at all.
1892600	1895280	Instead, it might be the result of an accessibility gradient.
1895520	1896520	An accessibility gradient.
1896840	1897780	Meaning what, exactly?
1898200	1902540	That the universe isn't getting physically bigger, it's just getting harder to move through.
1902960	1903860	Conceptually, yes.
1904260	1908420	Imagine a single photon of light traveling across billions of light years of space.
1908500	1908700	Okay.
1908900	1914680	In the RSVP model, the overall accessibility potential of the universe is slowly decreasing on massive
1914680	1915580	cosmic scales.
1915580	1916820	The options are shrinking.
1917540	1918080	Exactly.
1918500	1924380	As the photon propagates along this vast gradient, moving out of an area of high accessibility
1924380	1930640	into areas of lower and lower accessibility, it undergoes a frequency shift to compensate.
1931000	1931220	Wow.
1931220	1936600	So, the mathematical equations in the essay work out such that the shifting frequency mirrors
1936600	1939540	the exact Hubble redshift we observe in our telescopes.
1939540	1945600	So, the photon is basically getting tired because the invisible collision mesh of the universe
1945600	1948340	is getting tighter and tighter the further it goes.
1948340	1954620	Well, the phrase tired light is historically very fraught in physics and usually refers to discredited
1954620	1955060	theories.
1955220	1955720	Oh, fair enough.
1955920	1959460	But structurally within the specific math of this framework, yes.
1960100	1965080	The photon is navigating a landscape where the degrees of freedom, the admissible possibilities,
1965440	1967980	are steadily decreasing over cosmic distances.
1968260	1970240	And that acts mathematically like redshift.
1970300	1970500	Right.
1970500	1975380	It acts mathematically just like a gravitational redshift, but on a universe-wide scale driven
1975380	1977640	entirely by the evolving constraint field.
1977840	1979240	It's staggering to think about.
1979320	1982840	But again, just to reiterate for you listening, this is a theoretical demonstration.
1982840	1988620	To me, the beauty here isn't that they have necessarily overthrown modern cosmology.
1989000	1994020	The beauty is that the exact same mathematical equations, the literal same math, governing how
1994020	1999160	a tiny ant leaves a chemical pheromone trail to constrain the movement of the next ant.
1999240	1999560	Yes.
1999880	2005160	It can be mathematically projected to describe the behavior of ancient light crossing a 14 billion
2005160	2006080	year old universe.
2006300	2009260	It is an attempt at ultimate ontological unification.
2009260	2015360	From the tiniest microscopic scale to the absolute largest macroscopic scale, the argument is that
2015360	2019720	everything is just navigating a constantly changing landscape of possibilities.
2019980	2020020	Okay.
2020540	2022800	We've gone to the absolute edges of the cosmos.
2023220	2027920	Now I want to bring it all back home and swank all the way down to a tiny silicon chip.
2028040	2029660	From the universe to a computer chip.
2029860	2033960	Because it's one thing to philosophize about the universe, but it's another thing entirely
2033960	2034800	to build something.
2034800	2041000	If this theory is truly universal, if constraint and accessibility are the root of all reality,
2041180	2045700	all logic, and all physics, can we build a machine that actually thinks this way?
2045920	2049160	This brings us to the climax of the essay, which outlines exactly that.
2049260	2053080	It's called MA, Building the Constraint First Brain.
2053520	2054760	M-E-M-A.
2054820	2055140	Yes.
2055340	2061860	The essay introduces MMA as a wave-based cognitive architecture created by two researchers,
2062380	2063720	Chenoweth and Chenoweth.
2063720	2068080	And what struck me is that it claims this isn't just an artificial intelligence that
2068080	2069620	loosely mimics the theory.
2069860	2070680	No, not at all.
2070760	2074700	It claims to be a partial machine realization of the constraint first theory.
2074940	2079060	It is the philosophy literally compiled into physical hardware.
2079320	2083820	To explain how they bridge that gap between philosophy and hardware, the essay details an
2083820	2084940	implementation tower.
2085160	2086300	An implementation tower.
2086420	2088920	It's a rigorous six-level deductive structure.
2089160	2092920	It starts at the very top in the clouds with level one, the semantic infrastructure.
2092920	2097680	This is the highly abstract ontology of constraints and accessibility we've been talking about.
2097780	2098600	The Flossy layer.
2098720	2098920	Right.
2099220	2103680	Then it systematically steps down to level two, CLIO for handling logic and inference.
2103760	2104600	The allowed questions.
2105000	2105360	Exactly.
2105820	2109480	Then down to level three, SpherePop for evaluating containment geometry.
2109860	2111580	Down to level four, a chain of memory.
2111740	2113360	Down to level five, the field dynamics.
2113540	2115760	And finally, it hits bedrock at level six.
2116140	2118920	The actual physical MAM-8 micro-architecture.
2118920	2124420	The essay is very adamant that each level is the unique, tractable realization of the
2124420	2125460	level directly above it.
2125480	2125860	It is.
2125960	2130560	It's like taking a beautifully written, high-level software program and successfully compiling
2130560	2135100	it all the way down to the raw binary zeros and ones of a physical processor.
2135620	2136720	MAM-8 is the processor.
2137000	2139200	So how does it actually work in the physical world?
2139500	2142620	How do you build an invisible constraint field on a computer chip?
2142820	2143840	You do it with waves.
2143840	2148280	The constraint field is physically instantiated in the hardware as a massive wave grid.
2148880	2154880	Specifically, they describe a 256-squared by 65,536-dimensional grid of interacting waves.
2155000	2155840	Why waves?
2155880	2156700	This confused me at first.
2157080	2160580	Why not just use standard neural networks or standard binary logic gates like every other
2160580	2161220	computer on Earth?
2161500	2164620	The author provides a mathematical proof for this choice.
2164620	2170860	If you have overlapping constraint fields, imagine you have multiple different rules or contexts
2170860	2174560	all simultaneously trying to dictate what can happen next in a brain.
2174740	2176120	Like having conflicting thoughts.
2176320	2176600	Yes.
2177340	2181580	You need a reliable way to combine them without losing their individual structure.
2182240	2187100	Complex wave superposition is mathematically proven to be the unique linear representation
2187100	2190200	that handles all the required dynamics of constraints.
2190460	2192420	Let's actually visualize those dynamics.
2192420	2195580	What happens when two constraints meet in this wave grid?
2196000	2196940	Three things can happen.
2197160	2198740	First, you have constraint reinforcement.
2199100	2199540	Reinforcement.
2199940	2203900	If two constraints agree with each other, their waves overlap perfectly and their wave
2203900	2205420	amplitudes grow much higher.
2205680	2206920	This is constructive interference.
2207220	2208440	The rule becomes stronger.
2208580	2208720	Okay.
2208820	2209320	That makes sense.
2209420	2211100	Second, you have constraint cancellation.
2211660	2216700	If two constraints completely oppose each other, their wave peaks hit the other's valleys
2216700	2220000	and they cancel out, reducing the amplitude to zero.
2220560	2221640	Destructive interference.
2221640	2224220	The conflict erases the constraint.
2224400	2225900	The rules just wipe each other out.
2226200	2226380	Okay.
2226440	2226960	What's the third?
2227300	2228420	Constraint independence.
2229160	2232960	If two constraints have absolutely nothing to do with each other, like the constraint of
2232960	2237740	needing to blink your eyes, versus the constraint of solving a math problem, they need to coexist
2237740	2239280	in the same brain without interfering.
2239540	2239800	Right.
2239800	2243000	Waves handle this beautifully through phase orthogonality.
2243340	2246640	They can pass right through each other without causing any disturbance.
2246640	2254060	So, the hardware is literally a churning, vibrating grid of intersecting waves, where the peaks
2254060	2258700	and valleys represent the invisible walls and open doors of the collision mesh of thought.
2258800	2259220	Exactly.
2259480	2263660	But wait, how does this system manage memory over a long period of time?
2263660	2267720	Because we learned earlier during the thermodynamics discussion that forgetting is a mathematical
2267720	2269340	necessity of projection entropy.
2269720	2270820	You can't keep everything.
2270820	2271380	Exactly.
2271700	2275340	And MEME 8 builds this necessity directly into the hardware.
2275700	2280620	It manages this through constraint relaxation, which is physically implemented as the gradual
2280620	2282820	exponential decay of the wave amplitudes.
2283500	2284920	The waves just slowly fade out.
2285260	2285520	Yes.
2286120	2290900	And the essay proves this isn't an arbitrary design choice to save hard drive space.
2291580	2296600	Exponential decay is the mathematically proven entropy optimal forgetting schedule.
2296600	2299020	The entropy optimal forgetting schedule?
2299200	2302760	That sounds incredibly clinical and slightly terrifying.
2302980	2305980	It does, but it is mathematically vital for a functioning mind.
2306780	2310140	The system has five distinct operating regimes for this wave decay.
2310760	2314400	Flash, fade, linger, persist, and consolidate.
2314720	2317260	Flash, fade, linger, persist, consolidate.
2317600	2321660	As a wave naturally decays over time, its amplitude drops, meaning the constraint weakens.
2321660	2326720	As the constraint weakens, the fiber of possible reconstructions grows larger, which means entropy
2326720	2327400	increases.
2327800	2329520	You start to forget the exact detail.
2329640	2330340	Ah, right.
2330460	2333980	The system intentionally relaxes constraints over time so it doesn't run out of geometric
2333980	2334560	capacity.
2334880	2339900	It constantly optimizes the balance between retaining critical survival structure and freeing up the
2339900	2341480	landscape to learn new possibilities.
2341820	2344520	Okay, so the waves organically handle the memory and the forgetting.
2344840	2346340	What about logic and action?
2346480	2350460	How does MM8 actually make a decision based on a grid of rippling waves?
2350460	2353080	It uses what they call the admissibility stack.
2353520	2356660	Remember our Russian nesting dolls from the sphere pop discussion?
2357180	2359460	Where the innermost doll must open first?
2359780	2361120	Yeah, geometric collapse.
2361300	2365720	MM8 implements this directly in hardware as a four-layer reactive hierarchy.
2365900	2368120	It is literal sphere pop for cognition.
2368620	2370440	Let's walk through an example of this.
2370700	2373600	Let's say MA8 is a robot walking through the jungle.
2373940	2374240	Perfect.
2374920	2378780	The system evaluates constraints based on urgency and available options.
2378780	2383280	The tightest constraint, the innermost nesting doll, always resolves first.
2383920	2386400	Layer zero of the stack is a pure hardware reflex.
2386780	2390580	It only fires when the constraint field is so incredibly tight that there is literally
2390580	2393240	only one uniquely accessible path available.
2393560	2395160	There is no deliberation needed.
2395240	2396320	It just reacts instantly.
2396320	2399080	So, a tiger jumps out of the bushes at the robot.
2399700	2403540	The constraint field immediately tightens to a single, infinitely sharp point.
2403660	2403840	Yeah.
2404080	2404440	Runaway.
2404860	2409000	The innermost doll collapses instantly, and the system acts without thinking about it.
2409080	2409480	Precisely.
2409580	2410260	That's layer zero.
2410580	2414640	But as you go up the stack to layer one, layer two, and layer three, the admissible
2414640	2416680	regions of the constraint field get wider.
2417100	2418380	There are more choices available.
2418740	2419840	The constraints are looser.
2419840	2420320	Right.
2420440	2425440	So, the system deliberately allows more time for the wave interference patterns to turn,
2425800	2428740	deliberate, and naturally select the optimal trajectory.
2429120	2434780	It only stops to think deeply when the constraints are loose enough to allow multiple safe options.
2435320	2438000	What happens if the system gets trapped while it's thinking?
2438580	2444260	What if the geometry of the wave grid creates a deep basin that the system can't escape from,
2444460	2446220	like a marble swirling down a drain?
2446220	2451760	This is perhaps the most brilliant, humanizing part of the entire MM8 architecture.
2452280	2455160	The author describes this problem as dealing with attractor pathologies.
2455800	2459900	These are regions of the accessibility manifold that have developed negative curvature.
2460340	2461660	Negative constraint curvature.
2462080	2462620	Meaning what?
2463020	2468980	In this geometry, negative curvature means your accessible neighborhood is rapidly shrinking with every step you take.
2469480	2475820	The system enters a highly constrained basin, and every logical move it makes reduces its future degrees of freedom.
2475820	2477180	It's spiraling inward.
2477360	2477640	Yes.
2477980	2480840	It is getting trapped in an infinite loop of its own making.
2481220	2484500	I want to translate this for you listening, because this is incredibly profound.
2485200	2488480	Think about getting stuck in a rut in your own personal life.
2488900	2490920	Or falling into a negative thought loop.
2491080	2492700	A very human experience.
2492840	2493080	Right.
2493480	2498460	You have a slightly awkward interaction at work, and suddenly your brain narrows its possibilities.
2499060	2499340	You think,
2499340	2506160	My boss definitely hates me, which severely restricts your next move, so you avoid your boss in the hallway.
2506400	2508980	Which makes the relationship genuinely worse.
2509100	2510800	Which restricts your options even more.
2510900	2511120	Yeah.
2511200	2513540	Your accessible neighborhood is shrinking rapidly.
2514080	2516500	You are suffering from negative curvature of the mind.
2516500	2520040	That is exactly mathematically what is happening to the constraint field.
2520040	2526000	To prevent this, MEM8 has an architectural response called the custodian operator, denoted as K.
2526200	2527000	The custodian.
2527220	2532200	It's a built-in regulatory mechanism that constantly monitors the overall curvature of the thought manifold.
2532780	2538900	If it detects a persistent negative curvature, if it sees the cognitive system trapping itself in a pathological hole,
2539220	2543660	the custodian operator aggressively fires to induce non-negative curvature.
2543900	2544940	It forces a change.
2544940	2549940	It physically disrupts the wave grid to force the system to escape the trap.
2550200	2554640	It's a forced hardware reflex that breaks you out so you don't lose all your degrees of freedom.
2554980	2557300	It is the literal voice in your head that says,
2557540	2558100	Okay, stop.
2558240	2559280	Let's take a walk outside.
2559480	2560940	Let's look at this from another angle.
2561380	2565040	It is an artificial hardware implementation of a perspective shift.
2565460	2569420	It is absolutely essential for maintaining a healthy cognitive runtime.
2569420	2575120	Without the custodian operator, any advanced system that learns dynamically from its environment
2575120	2580680	will eventually, inevitably, dig itself into a pathological hole of its own constraints.
2580840	2581740	That is incredible.
2582180	2585180	The machine has a built-in mechanism for avoiding anxiety.
2585660	2588740	Now, finally, how does MM8 save all of this data?
2589080	2590980	Because a wave grid is constantly moving.
2591140	2591320	Right.
2591400	2597280	It uses a specific file format called .-M8, and the compression rate on this format is absurd.
2597280	2600780	My notes say something like 99% compression compared to standard files.
2600960	2605860	It achieves that massive compression specifically because it utilizes the map territory theorem
2605860	2608160	we discussed way back in the projection section.
2608260	2609540	The map versus the territory.
2609920	2610160	Right.
2610560	2614620	A normal computer file saves the projected content, the observable space.
2615020	2620000	If it's a photo, it tries to save the exact color value of every single pixel of the photograph.
2620100	2621020	The whole 2D map.
2621200	2621480	Yes.
2621640	2624000	The .-M8 format does not do that at all.
2624000	2630380	It is a tiny 32-byte semantic projection file that only stores the fiber constraint tuple.
2631220	2631740	Which it means what?
2631960	2638700	It means it stores a few basic parameters, an ID, an amplitude, a frequency, a phase, and
2638700	2639680	an interaction state.
2640020	2642020	It does not save the memory itself.
2642200	2642980	It doesn't save the memory.
2643200	2643440	No.
2643640	2649140	It saves the exact invisible geometry needed to rebuild the memory from scratch when it's accessed
2649140	2649520	later.
2649820	2652380	Think about dropping a pebble into a still pond.
2652380	2657380	A normal computer tries to take a high-resolution photo of every single ripple and save the
2657380	2657640	photo.
2658300	2661840	The .-M8 file just saves the weight of the pebble in the exact height it was dropped from.
2662340	2666100	When you want the memory back, it just drops the pebble again and lets the waves naturally
2666100	2666940	recreate the ripples.
2667300	2668600	Yes, that's exactly how it works.
2669020	2672840	And this leads us to what might be the most profound, world-shifting conclusion of the
2672840	2673580	entire essay.
2673880	2676680	It radically redefines how we view our own minds.
2676920	2677800	It really does.
2677800	2683340	We are socially conditioned to think of memory like a video camera recording the past.
2683640	2688120	We think we store little video clips in our brain and we hit play to remember them.
2688320	2689640	That's how we always talk about it.
2689960	2694060	But according to this constraint-first theory, that is entirely backward.
2694340	2696300	Memory is not a recording of the past.
2696300	2701980	The mathematical proof in the essay defines memory as fundamentally the persistent modification
2701980	2703420	of future accessibility.
2704000	2704100	Right.
2704260	2709300	When you learn something new or when you remember an old event, you are not pulling a dusty file
2709300	2710000	out of a cabinet.
2710320	2715740	You are actively modifying the collision mesh of your mind so that your future trajectories
2715740	2718800	are constrained by what you experienced in the past.
2719100	2723680	Memory exists entirely and solely to shape what you are able to do next.
2723820	2725520	It is forward-facing geometry.
2725520	2727080	Which brings us full circle.
2727620	2731780	To synthesize everything we've talked about today, from Parmedides and the Greeks to ant
2731780	2736800	colonies to the cosmic grid shift of the universe, all the way down to the rippling wave grid
2736800	2738060	of the MM8 brain.
2738240	2738900	It's been a journey.
2739180	2744740	If you truly want to understand your life, your memory, and the universe, you have to fundamentally
2744740	2745880	change your perspective.
2746360	2748200	You have to stop asking what happened.
2748600	2751200	And you have to stop asking what is this made of.
2751320	2754000	You need to start asking what can happen from here.
2754000	2760560	Everything in reality, from an atom to a human being, is just navigating a constantly changing
2760560	2762900	landscape of admissible possibilities.
2763260	2764780	The ontology is absolutely clear.
2764860	2766000	The geometry comes first.
2766460	2770200	The objects and the events that we spend our whole lives obsessed with are just the temporary
2770200	2771820	shadows cast by the constraints.
2772020	2775420	We're going to leave you with one final, deeply provocative thought to carry with you.
2775860	2781220	Building on the MM8 architecture, the source defines consciousness in a very specific mathematical
2781220	2781600	way.
2781780	2783980	It calls it recursively regulated accessibility.
2784560	2789900	Basically, consciousness is the system's ability to intentionally regulate which wave-encoded
2789900	2792320	constraints are allowed to enter its active mind.
2792880	2793960	Think about that for a second.
2794320	2799880	If consciousness is simply our ability to intentionally tighten or loosen our own constraints, how much
2799880	2805560	of human anxiety, how much of your own personal stress, is simply you artificially imposing
2805560	2808420	negative curvature on your own accessibility landscape?
2808520	2809480	That's a profound thought.
2809740	2814480	How much of our suffering is us projecting invisible walls that aren't actually there and then getting
2814480	2815400	trapped behind them?
2816260	2819560	Are you truly trapped in a dark room or did you just close your own eyes?
2820240	2822000	Keep exploring your landscape of possibilities.
2822520	2824180	We'll see you next time on The Deep Dive.
